"ad_id","campaign_id","date","platform","age_group","impressions","clicks","conversions","spend","revenue"
"1","CAMP_001","2026-04-01","Facebook","25-34","23548","1070","53","75","216"
"2","CAMP_001","2026-04-02","Facebook","35-44","24816","1191","57","73","243"
"3","CAMP_001","2026-04-03","Facebook","18-24","26839","1614","96","92","276"
"4","CAMP_001","2026-04-04","Facebook","45-54","24615","1079","55","84","244"
"5","CAMP_001","2026-04-05","Facebook","35-44","26405","1211","90","117","334"
"6","CAMP_001","2026-04-06","Facebook","35-44","25845","1519","89","123","327"
"7","CAMP_001","2026-04-07","Facebook","35-44","27903","1437","103","82","221"
"8","CAMP_001","2026-04-08","Facebook","35-44","27318","1693","86","90","313"
"9","CAMP_001","2026-04-09","Facebook","18-24","27301","1349","92","112","365"
"10","CAMP_001","2026-04-10","Facebook","18-24","27528","1457","59","104","343"
"11","CAMP_002","2026-04-01","Google Ads","35-44","22995","1165","61","113","349"
"12","CAMP_002","2026-04-02","Google Ads","45-54","21851","1102","50","93","241"
"13","CAMP_002","2026-04-03","Google Ads","18-24","23619","1136","57","82","248"
"14","CAMP_002","2026-04-04","Google Ads","45-54","22488","1007","73","118","417"
"15","CAMP_002","2026-04-05","Google Ads","18-24","22044","1096","45","113","436"
"16","CAMP_002","2026-04-06","Google Ads","35-44","25248","1242","77","114","390"
"17","CAMP_002","2026-04-07","Google Ads","35-44","24601","1080","66","102","352"
"18","CAMP_002","2026-04-08","Google Ads","25-34","24442","1477","68","104","341"
"19","CAMP_002","2026-04-09","Google Ads","35-44","26363","1365","98","121","469"
"20","CAMP_002","2026-04-10","Google Ads","18-24","25128","1590","89","124","396"
"21","CAMP_003","2026-04-01","Facebook","18-24","24215","1122","59","88","269"
"22","CAMP_003","2026-04-02","Facebook","35-44","25164","1294","106","113","322"
"23","CAMP_003","2026-04-03","Facebook","25-34","23535","1235","93","88","222"
"24","CAMP_003","2026-04-04","Facebook","18-24","25452","1004","59","103","313"
"25","CAMP_003","2026-04-05","Facebook","18-24","27111","1647","102","131","393"
"26","CAMP_003","2026-04-06","Facebook","35-44","26384","1300","81","110","263"
"27","CAMP_003","2026-04-07","Facebook","45-54","27503","1279","76","93","173"
"28","CAMP_003","2026-04-08","Facebook","45-54","28056","1066","41","113","265"
"29","CAMP_003","2026-04-09","Facebook","25-34","30224","1516","48","118","369"
"30","CAMP_003","2026-04-10","Facebook","25-34","28228","1204","69","92","237"
"31","CAMP_004","2026-04-01","TikTok","25-34","28366","1104","75","108","333"
"32","CAMP_004","2026-04-02","TikTok","25-34","28579","1230","71","114","371"
"33","CAMP_004","2026-04-03","TikTok","25-34","27129","1337","95","88","320"
"34","CAMP_004","2026-04-04","TikTok","18-24","29617","1134","62","86","228"
"35","CAMP_004","2026-04-05","TikTok","25-34","30293","1106","65","95","307"
"36","CAMP_004","2026-04-06","TikTok","18-24","31164","1317","62","117","344"
"37","CAMP_004","2026-04-07","TikTok","35-44","29680","1538","75","109","369"
"38","CAMP_004","2026-04-08","TikTok","18-24","31199","1440","62","129","418"
"39","CAMP_004","2026-04-09","TikTok","45-54","32152","1266","70","101","283"
"40","CAMP_004","2026-04-10","TikTok","35-44","34031","1249","91","133","432"
"41","CAMP_005","2026-04-01","Facebook","35-44","24382","1210","87","83","230"
"42","CAMP_005","2026-04-02","Facebook","18-24","23804","1081","80","121","392"
"43","CAMP_005","2026-04-03","Facebook","35-44","25100","1338","108","94","210"
"44","CAMP_005","2026-04-04","Facebook","25-34","24476","1077","85","133","416"
"45","CAMP_005","2026-04-05","Facebook","25-34","26409","1545","111","135","342"
"46","CAMP_005","2026-04-06","Facebook","25-34","26782","1081","87","131","358"
"47","CAMP_005","2026-04-07","Facebook","35-44","27674","1420","89","103","272"
"48","CAMP_005","2026-04-08","Facebook","25-34","27683","1591","117","127","324"
"49","CAMP_005","2026-04-09","Facebook","25-34","28988","1380","86","132","363"
"50","CAMP_005","2026-04-10","Facebook","35-44","27112","1213","86","149","498"
"51","CAMP_006","2026-04-01","Facebook","35-44","24030","1128","92","96","270"
"52","CAMP_006","2026-04-02","Facebook","25-34","26104","975","80","107","343"
"53","CAMP_006","2026-04-03","Facebook","45-54","24172","1107","64","125","338"
"54","CAMP_006","2026-04-04","Facebook","18-24","25841","1299","97","136","389"
"55","CAMP_006","2026-04-05","Facebook","18-24","26060","994","76","110","429"
"56","CAMP_006","2026-04-06","Facebook","35-44","25084","1154","85","119","329"
"57","CAMP_006","2026-04-07","Facebook","35-44","26112","1432","103","145","374"
"58","CAMP_006","2026-04-08","Facebook","45-54","28399","1249","95","135","294"
"59","CAMP_006","2026-04-09","Facebook","25-34","29317","1127","63","121","337"
"60","CAMP_006","2026-04-10","Facebook","25-34","28802","1410","74","153","401"
"61","CAMP_007","2026-04-01","TikTok","18-24","28344","1344","61","133","304"
"62","CAMP_007","2026-04-02","TikTok","18-24","28736","1450","72","90","250"
"63","CAMP_007","2026-04-03","TikTok","18-24","29673","1389","69","106","217"
"64","CAMP_007","2026-04-04","TikTok","18-24","27563","1388","50","140","367"
"65","CAMP_007","2026-04-05","TikTok","45-54","28649","1350","80","141","508"
"66","CAMP_007","2026-04-06","TikTok","18-24","30533","1464","49","115","286"
"67","CAMP_007","2026-04-07","TikTok","35-44","30741","1393","77","111","260"
"68","CAMP_007","2026-04-08","TikTok","35-44","33524","1525","80","122","261"
"69","CAMP_007","2026-04-09","TikTok","18-24","32148","1489","60","151","360"
"70","CAMP_007","2026-04-10","TikTok","18-24","32555","1837","85","107","226"
"71","CAMP_008","2026-04-01","Google Ads","45-54","23442","1134","59","108","352"
"72","CAMP_008","2026-04-02","Google Ads","45-54","24017","1708","86","126","392"
"73","CAMP_008","2026-04-03","Google Ads","25-34","22697","1323","84","101","273"
"74","CAMP_008","2026-04-04","Google Ads","45-54","25013","1192","59","108","288"
"75","CAMP_008","2026-04-05","Google Ads","45-54","24358","1487","45","130","363"
"76","CAMP_008","2026-04-06","Google Ads","25-34","24032","1176","75","100","283"
"77","CAMP_008","2026-04-07","Google Ads","18-24","25320","1736","116","119","343"
"78","CAMP_008","2026-04-08","Google Ads","45-54","25670","1638","83","143","329"
"79","CAMP_008","2026-04-09","Google Ads","25-34","26475","1499","86","128","292"
"80","CAMP_008","2026-04-10","Google Ads","35-44","25967","1410","110","138","439"
"81","CAMP_009","2026-04-01","Facebook","35-44","24562","906","53","144","395"
"82","CAMP_009","2026-04-02","Facebook","25-34","26964","1268","80","127","397"
"83","CAMP_009","2026-04-03","Facebook","25-34","26169","1017","57","107","292"
"84","CAMP_009","2026-04-04","Facebook","45-54","25700","1219","59","133","351"
"85","CAMP_009","2026-04-05","Facebook","25-34","25922","1190","66","142","414"
"86","CAMP_009","2026-04-06","Facebook","18-24","28220","1195","59","131","380"
"87","CAMP_009","2026-04-07","Facebook","25-34","28121","1117","58","155","507"
"88","CAMP_009","2026-04-08","Facebook","35-44","29357","981","59","108","277"
"89","CAMP_009","2026-04-09","Facebook","35-44","28243","893","38","138","420"
"90","CAMP_009","2026-04-10","Facebook","35-44","28616","1041","53","112","325"
"91","CAMP_010","2026-04-01","Google Ads","18-24","21832","1355","88","121","335"
"92","CAMP_010","2026-04-02","Google Ads","45-54","23058","1272","67","124","326"
"93","CAMP_010","2026-04-03","Google Ads","45-54","23239","1425","72","112","364"
"94","CAMP_010","2026-04-04","Google Ads","25-34","22879","1437","100","156","412"
"95","CAMP_010","2026-04-05","Google Ads","25-34","24189","963","44","113","374"
"96","CAMP_010","2026-04-06","Google Ads","25-34","24108","1367","104","127","372"
"97","CAMP_010","2026-04-07","Google Ads","35-44","25684","1376","75","155","455"
"98","CAMP_010","2026-04-08","Google Ads","25-34","25247","1240","72","158","432"
"99","CAMP_010","2026-04-09","Google Ads","35-44","27035","1466","53","149","435"
"100","CAMP_010","2026-04-10","Google Ads","35-44","28853","1579","78","160","576"
"101","CAMP_011","2026-04-01","Facebook","25-34","23511","960","74","124","398"
"102","CAMP_011","2026-04-02","Facebook","45-54","25582","1189","83","102","359"
"103","CAMP_011","2026-04-03","Facebook","18-24","25407","1468","116","122","440"
"104","CAMP_011","2026-04-04","Facebook","25-34","24444","1188","87","152","436"
"105","CAMP_011","2026-04-05","Facebook","18-24","26210","1062","81","116","430"
"106","CAMP_011","2026-04-06","Facebook","45-54","27160","1304","74","148","513"
"107","CAMP_011","2026-04-07","Facebook","25-34","25990","1077","81","149","500"
"108","CAMP_011","2026-04-08","Facebook","25-34","28286","1329","93","140","478"
"109","CAMP_011","2026-04-09","Facebook","25-34","27752","962","81","162","573"
"110","CAMP_011","2026-04-10","Facebook","45-54","29711","1064","75","155","507"
"111","CAMP_012","2026-04-01","Facebook","35-44","24694","1060","65","130","442"
"112","CAMP_012","2026-04-02","Facebook","18-24","26175","897","67","134","415"
"113","CAMP_012","2026-04-03","Facebook","35-44","26918","955","58","112","285"
"114","CAMP_012","2026-04-04","Facebook","35-44","26428","1328","83","143","445"
"115","CAMP_012","2026-04-05","Facebook","25-34","27383","923","71","143","410"
"116","CAMP_012","2026-04-06","Facebook","25-34","26922","1430","112","148","443"
"117","CAMP_012","2026-04-07","Facebook","35-44","27490","1256","99","148","404"
"118","CAMP_012","2026-04-08","Facebook","25-34","29319","1395","71","118","312"
"119","CAMP_012","2026-04-09","Facebook","18-24","29764","1253","79","130","322"
"120","CAMP_012","2026-04-10","Facebook","35-44","29364","1371","94","150","451"
"121","CAMP_013","2026-04-01","Facebook","18-24","23908","1185","69","114","261"
"122","CAMP_013","2026-04-02","Facebook","45-54","25612","1292","90","126","257"
"123","CAMP_013","2026-04-03","Facebook","25-34","27096","1127","63","113","316"
"124","CAMP_013","2026-04-04","Facebook","18-24","26224","1229","85","146","278"
"125","CAMP_013","2026-04-05","Facebook","25-34","25776","1256","76","165","411"
"126","CAMP_013","2026-04-06","Facebook","18-24","28877","1230","85","172","461"
"127","CAMP_013","2026-04-07","Facebook","25-34","28147","1330","96","140","363"
"128","CAMP_013","2026-04-08","Facebook","45-54","26879","1047","73","118","301"
"129","CAMP_013","2026-04-09","Facebook","25-34","27124","1461","98","139","312"
"130","CAMP_013","2026-04-10","Facebook","35-44","29470","1494","94","167","351"
"131","CAMP_014","2026-04-01","TikTok","18-24","27528","1129","78","111","360"
"132","CAMP_014","2026-04-02","TikTok","18-24","28175","1559","127","113","360"
"133","CAMP_014","2026-04-03","TikTok","18-24","28367","1356","87","168","632"
"134","CAMP_014","2026-04-04","TikTok","25-34","31087","1386","103","172","495"
"135","CAMP_014","2026-04-05","TikTok","18-24","30588","1614","124","169","482"
"136","CAMP_014","2026-04-06","TikTok","25-34","32897","1505","118","171","585"
"137","CAMP_014","2026-04-07","TikTok","35-44","31870","1182","107","175","511"
"138","CAMP_014","2026-04-08","TikTok","18-24","31911","1321","109","169","532"
"139","CAMP_014","2026-04-09","TikTok","25-34","32043","1603","125","161","525"
"140","CAMP_014","2026-04-10","TikTok","25-34","32264","1326","94","171","555"
"141","CAMP_015","2026-04-01","Facebook","35-44","26222","1522","32","140","430"
"142","CAMP_015","2026-04-02","Facebook","25-34","25821","1399","78","127","354"
"143","CAMP_015","2026-04-03","Facebook","18-24","25178","1340","77","126","496"
"144","CAMP_015","2026-04-04","Facebook","25-34","26441","1452","62","157","483"
"145","CAMP_015","2026-04-05","Facebook","18-24","28676","1777","110","173","542"
"146","CAMP_015","2026-04-06","Facebook","35-44","26781","1646","89","128","407"
"147","CAMP_015","2026-04-07","Facebook","45-54","28512","1663","52","173","525"
"148","CAMP_015","2026-04-08","Facebook","25-34","29368","1519","76","154","546"
"149","CAMP_015","2026-04-09","Facebook","35-44","29111","1645","89","170","565"
"150","CAMP_015","2026-04-10","Facebook","18-24","28714","1513","53","128","393"
"151","CAMP_016","2026-04-01","Facebook","45-54","27320","1071","72","131","363"
"152","CAMP_016","2026-04-02","Facebook","25-34","26218","1280","69","149","500"
"153","CAMP_016","2026-04-03","Facebook","18-24","24644","1318","90","118","322"
"154","CAMP_016","2026-04-04","Facebook","18-24","25485","1132","61","154","422"
"155","CAMP_016","2026-04-05","Facebook","45-54","26385","1084","49","120","332"
"156","CAMP_016","2026-04-06","Facebook","18-24","27515","1413","91","119","286"
"157","CAMP_016","2026-04-07","Facebook","45-54","27373","1095","67","128","284"
"158","CAMP_016","2026-04-08","Facebook","25-34","28905","1469","96","159","394"
"159","CAMP_016","2026-04-09","Facebook","25-34","29142","1653","134","127","384"
"160","CAMP_016","2026-04-10","Facebook","25-34","29781","1469","97","175","543"
"161","CAMP_017","2026-04-01","Google Ads","35-44","21993","1216","97","168","440"
"162","CAMP_017","2026-04-02","Google Ads","25-34","23335","1088","79","130","414"
"163","CAMP_017","2026-04-03","Google Ads","35-44","25330","1313","109","182","489"
"164","CAMP_017","2026-04-04","Google Ads","35-44","23622","1247","90","125","312"
"165","CAMP_017","2026-04-05","Google Ads","25-34","24549","1227","86","148","415"
"166","CAMP_017","2026-04-06","Google Ads","25-34","25175","1184","87","173","440"
"167","CAMP_017","2026-04-07","Google Ads","35-44","26836","1310","113","141","355"
"168","CAMP_017","2026-04-08","Google Ads","18-24","26746","1134","118","148","422"
"169","CAMP_017","2026-04-09","Google Ads","35-44","25289","1393","150","164","496"
"170","CAMP_017","2026-04-10","Google Ads","35-44","26137","1147","101","149","419"
"171","CAMP_018","2026-04-01","Facebook","25-34","24552","972","62","130","440"
"172","CAMP_018","2026-04-02","Facebook","35-44","25293","1310","105","167","457"
"173","CAMP_018","2026-04-03","Facebook","18-24","25149","1119","54","178","556"
"174","CAMP_018","2026-04-04","Facebook","25-34","27527","1157","68","160","549"
"175","CAMP_018","2026-04-05","Facebook","35-44","25958","1085","90","126","323"
"176","CAMP_018","2026-04-06","Facebook","25-34","27561","867","78","137","409"
"177","CAMP_018","2026-04-07","Facebook","18-24","29343","1351","92","160","478"
"178","CAMP_018","2026-04-08","Facebook","45-54","28906","789","52","182","605"
"179","CAMP_018","2026-04-09","Facebook","45-54","27826","1355","99","160","492"
"180","CAMP_018","2026-04-10","Facebook","18-24","30677","1287","70","141","374"
"181","CAMP_019","2026-04-01","TikTok","25-34","28289","1000","63","161","512"
"182","CAMP_019","2026-04-02","TikTok","35-44","28595","957","67","119","304"
"183","CAMP_019","2026-04-03","TikTok","35-44","29042","1056","49","168","503"
"184","CAMP_019","2026-04-04","TikTok","35-44","29843","1228","69","174","592"
"185","CAMP_019","2026-04-05","TikTok","25-34","32568","1185","92","166","535"
"186","CAMP_019","2026-04-06","TikTok","25-34","30439","982","62","159","446"
"187","CAMP_019","2026-04-07","TikTok","45-54","32213","1024","65","162","460"
"188","CAMP_019","2026-04-08","TikTok","18-24","33417","1250","62","129","365"
"189","CAMP_019","2026-04-09","TikTok","18-24","32466","1166","101","169","620"
"190","CAMP_019","2026-04-10","TikTok","25-34","33047","1157","55","143","364"
"191","CAMP_020","2026-04-01","Facebook","45-54","23912","1188","69","185","659"
"192","CAMP_020","2026-04-02","Facebook","18-24","26025","1202","78","141","397"
"193","CAMP_020","2026-04-03","Facebook","25-34","25955","1190","60","165","560"
"194","CAMP_020","2026-04-04","Facebook","35-44","27745","1145","86","187","671"
"195","CAMP_020","2026-04-05","Facebook","35-44","28925","1422","73","173","600"
"196","CAMP_020","2026-04-06","Facebook","25-34","27291","1389","68","152","470"
"197","CAMP_020","2026-04-07","Facebook","35-44","28317","1106","44","158","462"
"198","CAMP_020","2026-04-08","Facebook","25-34","28980","1233","85","197","498"
"199","CAMP_020","2026-04-09","Facebook","25-34","28180","1492","97","174","541"
"200","CAMP_020","2026-04-10","Facebook","25-34","31533","1395","69","166","498"
"201","CAMP_021","2026-04-01","Facebook","25-34","25286","1246","76","142","462"
"202","CAMP_021","2026-04-02","Facebook","35-44","26041","1341","88","194","679"
"203","CAMP_021","2026-04-03","Facebook","25-34","27139","1345","73","136","407"
"204","CAMP_021","2026-04-04","Facebook","25-34","25452","999","52","194","611"
"205","CAMP_021","2026-04-05","Facebook","25-34","27354","1214","49","164","512"
"206","CAMP_021","2026-04-06","Facebook","18-24","27675","1112","53","165","565"
"207","CAMP_021","2026-04-07","Facebook","25-34","28387","1294","73","153","502"
"208","CAMP_021","2026-04-08","Facebook","35-44","29803","1385","89","139","431"
"209","CAMP_021","2026-04-09","Facebook","45-54","30621","1568","71","154","519"
"210","CAMP_021","2026-04-10","Facebook","18-24","30169","1702","53","217","690"
"211","CAMP_022","2026-04-01","Facebook","25-34","24887","1121","60","174","658"
"212","CAMP_022","2026-04-02","Facebook","35-44","26318","1303","70","170","622"
"213","CAMP_022","2026-04-03","Facebook","18-24","26249","1450","80","183","642"
"214","CAMP_022","2026-04-04","Facebook","25-34","26859","835","45","152","481"
"215","CAMP_022","2026-04-05","Facebook","45-54","26491","1012","74","205","590"
"216","CAMP_022","2026-04-06","Facebook","45-54","28414","1120","65","158","478"
"217","CAMP_022","2026-04-07","Facebook","35-44","27756","1357","54","145","554"
"218","CAMP_022","2026-04-08","Facebook","25-34","28097","1244","85","181","656"
"219","CAMP_022","2026-04-09","Facebook","18-24","29667","1512","70","200","696"
"220","CAMP_022","2026-04-10","Facebook","35-44","31970","1527","99","162","519"
"221","CAMP_023","2026-04-01","TikTok","35-44","28705","1111","66","168","377"
"222","CAMP_023","2026-04-02","TikTok","45-54","28949","1306","73","200","390"
"223","CAMP_023","2026-04-03","TikTok","25-34","31009","1444","76","142","391"
"224","CAMP_023","2026-04-04","TikTok","18-24","30969","1326","90","168","435"
"225","CAMP_023","2026-04-05","TikTok","25-34","30551","795","67","150","302"
"226","CAMP_023","2026-04-06","TikTok","45-54","33706","1780","102","189","487"
"227","CAMP_023","2026-04-07","TikTok","18-24","32298","1320","64","154","283"
"228","CAMP_023","2026-04-08","TikTok","18-24","32969","1134","60","171","456"
"229","CAMP_023","2026-04-09","TikTok","18-24","34349","1659","145","154","436"
"230","CAMP_023","2026-04-10","TikTok","25-34","32359","1109","73","177","556"
"231","CAMP_024","2026-04-01","Google Ads","25-34","22867","695","64","142","410"
"232","CAMP_024","2026-04-02","Google Ads","45-54","24751","1076","82","195","486"
"233","CAMP_024","2026-04-03","Google Ads","45-54","24812","980","57","157","581"
"234","CAMP_024","2026-04-04","Google Ads","35-44","24203","1154","76","144","338"
"235","CAMP_024","2026-04-05","Google Ads","25-34","24181","1189","72","139","426"
"236","CAMP_024","2026-04-06","Google Ads","18-24","25940","1364","110","148","360"
"237","CAMP_024","2026-04-07","Google Ads","45-54","26075","1054","62","143","357"
"238","CAMP_024","2026-04-08","Google Ads","35-44","27347","1006","74","172","526"
"239","CAMP_024","2026-04-09","Google Ads","25-34","29596","1039","59","164","381"
"240","CAMP_024","2026-04-10","Google Ads","25-34","27817","1084","100","164","397"
"241","CAMP_025","2026-04-01","Google Ads","35-44","23469","801","48","158","494"
"242","CAMP_025","2026-04-02","Google Ads","25-34","22985","931","61","134","401"
"243","CAMP_025","2026-04-03","Google Ads","35-44","25635","1124","53","176","515"
"244","CAMP_025","2026-04-04","Google Ads","35-44","27107","1354","94","178","504"
"245","CAMP_025","2026-04-05","Google Ads","18-24","26239","1207","67","143","409"
"246","CAMP_025","2026-04-06","Google Ads","35-44","25852","931","46","193","682"
"247","CAMP_025","2026-04-07","Google Ads","35-44","26264","1001","60","162","519"
"248","CAMP_025","2026-04-08","Google Ads","35-44","28356","951","44","174","609"
"249","CAMP_025","2026-04-09","Google Ads","35-44","27973","1669","90","204","590"
"250","CAMP_025","2026-04-10","Google Ads","25-34","27772","1483","53","162","490"
"251","CAMP_026","2026-04-01","TikTok","35-44","27931","1288","99","189","650"
"252","CAMP_026","2026-04-02","TikTok","18-24","28099","1019","61","179","542"
"253","CAMP_026","2026-04-03","TikTok","18-24","29686","1242","110","160","519"
"254","CAMP_026","2026-04-04","TikTok","25-34","29029","1546","84","173","510"
"255","CAMP_026","2026-04-05","TikTok","25-34","30584","1076","92","182","459"
"256","CAMP_026","2026-04-06","TikTok","35-44","31535","1766","127","169","485"
"257","CAMP_026","2026-04-07","TikTok","25-34","31660","1477","88","225","679"
"258","CAMP_026","2026-04-08","TikTok","18-24","30918","1132","81","185","565"
"259","CAMP_026","2026-04-09","TikTok","35-44","33824","1290","101","170","456"
"260","CAMP_026","2026-04-10","TikTok","18-24","36338","1685","97","234","799"
"261","CAMP_027","2026-04-01","TikTok","18-24","28779","1462","76","203","708"
"262","CAMP_027","2026-04-02","TikTok","18-24","28977","1540","74","169","606"
"263","CAMP_027","2026-04-03","TikTok","18-24","30771","1364","84","173","617"
"264","CAMP_027","2026-04-04","TikTok","25-34","31324","1410","99","176","605"
"265","CAMP_027","2026-04-05","TikTok","35-44","30940","1555","110","204","648"
"266","CAMP_027","2026-04-06","TikTok","18-24","30130","1099","56","165","483"
"267","CAMP_027","2026-04-07","TikTok","18-24","30874","1119","61","185","623"
"268","CAMP_027","2026-04-08","TikTok","35-44","32853","1477","95","229","862"
"269","CAMP_027","2026-04-09","TikTok","35-44","33286","1609","106","203","597"
"270","CAMP_027","2026-04-10","TikTok","25-34","34171","1249","62","231","700"
"271","CAMP_028","2026-04-01","Facebook","25-34","25968","1053","75","198","582"
"272","CAMP_028","2026-04-02","Facebook","25-34","25679","918","41","175","611"
"273","CAMP_028","2026-04-03","Facebook","25-34","27636","1158","39","158","499"
"274","CAMP_028","2026-04-04","Facebook","35-44","27922","1108","36","192","636"
"275","CAMP_028","2026-04-05","Facebook","35-44","28284","1277","61","192","563"
"276","CAMP_028","2026-04-06","Facebook","25-34","28760","1375","99","189","536"
"277","CAMP_028","2026-04-07","Facebook","45-54","29247","1307","80","210","540"
"278","CAMP_028","2026-04-08","Facebook","35-44","28416","1236","73","210","483"
"279","CAMP_028","2026-04-09","Facebook","35-44","28729","1250","58","184","662"
"280","CAMP_028","2026-04-10","Facebook","35-44","31885","767","48","226","588"
"281","CAMP_029","2026-04-01","TikTok","18-24","30145","1285","48","160","465"
"282","CAMP_029","2026-04-02","TikTok","35-44","28713","1254","52","224","700"
"283","CAMP_029","2026-04-03","TikTok","25-34","29457","1322","75","177","477"
"284","CAMP_029","2026-04-04","TikTok","18-24","29878","1263","71","162","516"
"285","CAMP_029","2026-04-05","TikTok","25-34","32202","1268","66","205","688"
"286","CAMP_029","2026-04-06","TikTok","25-34","30711","1256","72","158","509"
"287","CAMP_029","2026-04-07","TikTok","35-44","32804","1222","80","225","666"
"288","CAMP_029","2026-04-08","TikTok","25-34","33485","1345","67","244","673"
"289","CAMP_029","2026-04-09","TikTok","18-24","35004","1173","55","178","552"
"290","CAMP_029","2026-04-10","TikTok","18-24","33000","1410","83","163","492"
"291","CAMP_030","2026-04-01","TikTok","18-24","27994","1187","82","108","255"
"292","CAMP_030","2026-04-02","TikTok","18-24","27776","1232","126","99","323"
"293","CAMP_030","2026-04-03","TikTok","25-34","29561","1191","108","108","269"
"294","CAMP_030","2026-04-04","TikTok","25-34","31078","1379","109","107","303"
"295","CAMP_030","2026-04-05","TikTok","18-24","32298","1607","137","88","264"
"296","CAMP_030","2026-04-06","TikTok","18-24","31221","1725","141","111","277"
"297","CAMP_030","2026-04-07","TikTok","35-44","30897","1371","112","121","358"
"298","CAMP_030","2026-04-08","TikTok","18-24","32836","1292","112","111","311"
"299","CAMP_030","2026-04-09","TikTok","35-44","34712","1459","118","109","370"
"300","CAMP_030","2026-04-10","TikTok","25-34","33309","1447","99","98","315"
"301","CAMP_031","2026-04-01","Facebook","45-54","25302","1085","81","100","277"
"302","CAMP_031","2026-04-02","Facebook","25-34","27212","1135","58","94","333"
"303","CAMP_031","2026-04-03","Facebook","25-34","27146","1109","80","85","263"
"304","CAMP_031","2026-04-04","Facebook","18-24","25802","896","56","108","306"
"305","CAMP_031","2026-04-05","Facebook","25-34","26749","1229","87","82","255"
"306","CAMP_031","2026-04-06","Facebook","25-34","28657","915","58","88","233"
"307","CAMP_031","2026-04-07","Facebook","45-54","29349","1397","90","109","320"
"308","CAMP_031","2026-04-08","Facebook","18-24","31539","1309","90","96","285"
"309","CAMP_031","2026-04-09","Facebook","35-44","31255","1202","94","128","392"
"310","CAMP_031","2026-04-10","Facebook","25-34","32129","1331","96","115","340"
"311","CAMP_032","2026-04-01","Google Ads","25-34","23865","1142","57","103","250"
"312","CAMP_032","2026-04-02","Google Ads","25-34","23914","1079","66","96","298"
"313","CAMP_032","2026-04-03","Google Ads","45-54","25120","1278","56","102","344"
"314","CAMP_032","2026-04-04","Google Ads","18-24","26814","1465","72","93","253"
"315","CAMP_032","2026-04-05","Google Ads","35-44","26802","1457","92","85","237"
"316","CAMP_032","2026-04-06","Google Ads","45-54","26155","1297","59","123","345"
"317","CAMP_032","2026-04-07","Google Ads","18-24","26179","1408","54","132","261"
"318","CAMP_032","2026-04-08","Google Ads","45-54","26732","1501","90","86","277"
"319","CAMP_032","2026-04-09","Google Ads","35-44","27954","1112","74","136","467"
"320","CAMP_032","2026-04-10","Google Ads","35-44","28750","1192","65","119","361"
"321","CAMP_033","2026-04-01","Facebook","25-34","26360","1034","69","97","280"
"322","CAMP_033","2026-04-02","Facebook","35-44","27032","1246","101","88","202"
"323","CAMP_033","2026-04-03","Facebook","35-44","27107","1318","90","90","273"
"324","CAMP_033","2026-04-04","Facebook","35-44","27650","1314","105","100","260"
"325","CAMP_033","2026-04-05","Facebook","18-24","28719","1486","98","121","349"
"326","CAMP_033","2026-04-06","Facebook","45-54","29255","1300","75","113","283"
"327","CAMP_033","2026-04-07","Facebook","25-34","29895","1404","89","91","318"
"328","CAMP_033","2026-04-08","Facebook","45-54","28206","1129","74","135","329"
"329","CAMP_033","2026-04-09","Facebook","18-24","31443","1269","84","92","247"
"330","CAMP_033","2026-04-10","Facebook","35-44","30724","1469","98","118","367"
"331","CAMP_034","2026-04-01","Facebook","25-34","27699","1392","77","86","158"
"332","CAMP_034","2026-04-02","Facebook","25-34","27934","941","43","82","193"
"333","CAMP_034","2026-04-03","Facebook","18-24","26926","1042","62","94","198"
"334","CAMP_034","2026-04-04","Facebook","45-54","27514","1035","51","132","290"
"335","CAMP_034","2026-04-05","Facebook","25-34","28566","1016","51","108","292"
"336","CAMP_034","2026-04-06","Facebook","25-34","29373","818","43","123","172"
"337","CAMP_034","2026-04-07","Facebook","35-44","30849","1380","72","122","358"
"338","CAMP_034","2026-04-08","Facebook","35-44","30289","1390","73","142","284"
"339","CAMP_034","2026-04-09","Facebook","35-44","29318","813","31","96","289"
"340","CAMP_034","2026-04-10","Facebook","35-44","29587","1191","83","114","265"
"341","CAMP_035","2026-04-01","Facebook","35-44","27016","1431","93","110","370"
"342","CAMP_035","2026-04-02","Facebook","35-44","26612","1171","53","94","305"
"343","CAMP_035","2026-04-03","Facebook","25-34","26076","1118","67","102","321"
"344","CAMP_035","2026-04-04","Facebook","35-44","27523","1500","117","115","274"
"345","CAMP_035","2026-04-05","Facebook","35-44","26700","1229","103","117","428"
"346","CAMP_035","2026-04-06","Facebook","35-44","27951","1295","66","136","385"
"347","CAMP_035","2026-04-07","Facebook","35-44","29769","1107","46","118","396"
"348","CAMP_035","2026-04-08","Facebook","18-24","30284","1464","84","109","321"
"349","CAMP_035","2026-04-09","Facebook","35-44","31520","1332","91","111","357"
"350","CAMP_035","2026-04-10","Facebook","25-34","31359","1184","57","127","438"
"351","CAMP_036","2026-04-01","Facebook","35-44","28087","1405","97","108","324"
"352","CAMP_036","2026-04-02","Facebook","35-44","26822","1301","91","101","293"
"353","CAMP_036","2026-04-03","Facebook","35-44","28111","1309","83","121","315"
"354","CAMP_036","2026-04-04","Facebook","25-34","28177","1568","100","124","423"
"355","CAMP_036","2026-04-05","Facebook","25-34","27919","1416","104","103","299"
"356","CAMP_036","2026-04-06","Facebook","35-44","29159","1396","87","92","270"
"357","CAMP_036","2026-04-07","Facebook","18-24","30759","1780","99","139","380"
"358","CAMP_036","2026-04-08","Facebook","25-34","29936","1734","132","96","267"
"359","CAMP_036","2026-04-09","Facebook","35-44","29555","1724","98","133","395"
"360","CAMP_036","2026-04-10","Facebook","45-54","30797","1892","102","143","336"
"361","CAMP_037","2026-04-01","Facebook","45-54","26741","1177","43","97","210"
"362","CAMP_037","2026-04-02","Facebook","25-34","27281","1252","96","105","323"
"363","CAMP_037","2026-04-03","Facebook","18-24","28135","1391","88","104","285"
"364","CAMP_037","2026-04-04","Facebook","45-54","27439","1759","135","130","288"
"365","CAMP_037","2026-04-05","Facebook","18-24","28360","1397","101","130","313"
"366","CAMP_037","2026-04-06","Facebook","25-34","28476","1344","88","106","337"
"367","CAMP_037","2026-04-07","Facebook","45-54","30784","1518","113","147","314"
"368","CAMP_037","2026-04-08","Facebook","35-44","29945","1427","118","144","400"
"369","CAMP_037","2026-04-09","Facebook","35-44","30481","1504","90","140","287"
"370","CAMP_037","2026-04-10","Facebook","35-44","30258","1739","128","151","408"
"371","CAMP_038","2026-04-01","Google Ads","35-44","24279","1407","63","91","233"
"372","CAMP_038","2026-04-02","Google Ads","18-24","25800","1179","35","141","372"
"373","CAMP_038","2026-04-03","Google Ads","25-34","25609","1358","66","112","405"
"374","CAMP_038","2026-04-04","Google Ads","25-34","26953","1279","92","107","344"
"375","CAMP_038","2026-04-05","Google Ads","35-44","26803","1145","69","112","346"
"376","CAMP_038","2026-04-06","Google Ads","25-34","25884","1457","93","120","317"
"377","CAMP_038","2026-04-07","Google Ads","35-44","27896","1300","62","147","430"
"378","CAMP_038","2026-04-08","Google Ads","35-44","28771","1522","92","137","342"
"379","CAMP_038","2026-04-09","Google Ads","35-44","28176","1164","31","111","233"
"380","CAMP_038","2026-04-10","Google Ads","45-54","29753","1442","68","164","468"
"381","CAMP_039","2026-04-01","Google Ads","35-44","25421","1018","66","123","404"
"382","CAMP_039","2026-04-02","Google Ads","35-44","26781","1360","125","107","311"
"383","CAMP_039","2026-04-03","Google Ads","45-54","25039","1279","74","115","399"
"384","CAMP_039","2026-04-04","Google Ads","25-34","25047","863","55","149","503"
"385","CAMP_039","2026-04-05","Google Ads","35-44","26603","1495","102","129","396"
"386","CAMP_039","2026-04-06","Google Ads","18-24","26953","1473","109","146","485"
"387","CAMP_039","2026-04-07","Google Ads","25-34","26375","1153","98","106","335"
"388","CAMP_039","2026-04-08","Google Ads","25-34","27717","1364","106","121","393"
"389","CAMP_039","2026-04-09","Google Ads","25-34","28877","1316","93","152","451"
"390","CAMP_039","2026-04-10","Google Ads","35-44","30202","1547","100","138","502"
"391","CAMP_040","2026-04-01","Google Ads","25-34","24383","1491","90","136","424"
"392","CAMP_040","2026-04-02","Google Ads","18-24","24692","1310","71","106","272"
"393","CAMP_040","2026-04-03","Google Ads","45-54","26107","1475","86","140","350"
"394","CAMP_040","2026-04-04","Google Ads","18-24","26225","1409","75","148","465"
"395","CAMP_040","2026-04-05","Google Ads","35-44","25967","1470","109","128","440"
"396","CAMP_040","2026-04-06","Google Ads","25-34","27859","1044","58","139","404"
"397","CAMP_040","2026-04-07","Google Ads","45-54","27132","1927","134","108","320"
"398","CAMP_040","2026-04-08","Google Ads","35-44","26443","1303","92","132","390"
"399","CAMP_040","2026-04-09","Google Ads","35-44","29759","1411","93","168","603"
"400","CAMP_040","2026-04-10","Google Ads","35-44","29339","1336","95","164","454"
"401","CAMP_041","2026-04-01","TikTok","18-24","29540","1576","85","132","242"
"402","CAMP_041","2026-04-02","TikTok","35-44","30946","1016","53","113","229"
"403","CAMP_041","2026-04-03","TikTok","35-44","31493","1370","90","126","291"
"404","CAMP_041","2026-04-04","TikTok","25-34","31604","1452","89","125","324"
"405","CAMP_041","2026-04-05","TikTok","18-24","32518","1663","119","152","396"
"406","CAMP_041","2026-04-06","TikTok","25-34","32777","1192","81","135","308"
"407","CAMP_041","2026-04-07","TikTok","18-24","33573","1160","68","127","377"
"408","CAMP_041","2026-04-08","TikTok","35-44","34008","1533","136","142","509"
"409","CAMP_041","2026-04-09","TikTok","25-34","34951","1771","105","118","324"
"410","CAMP_041","2026-04-10","TikTok","45-54","34794","1225","84","134","360"
"411","CAMP_042","2026-04-01","Google Ads","35-44","25177","1359","98","154","435"
"412","CAMP_042","2026-04-02","Google Ads","25-34","25966","1545","76","141","428"
"413","CAMP_042","2026-04-03","Google Ads","25-34","26996","1233","79","145","416"
"414","CAMP_042","2026-04-04","Google Ads","25-34","27328","1302","104","147","293"
"415","CAMP_042","2026-04-05","Google Ads","35-44","25650","1464","121","133","415"
"416","CAMP_042","2026-04-06","Google Ads","25-34","26307","1184","64","162","548"
"417","CAMP_042","2026-04-07","Google Ads","25-34","26528","1059","73","130","372"
"418","CAMP_042","2026-04-08","Google Ads","25-34","28043","1344","105","169","532"
"419","CAMP_042","2026-04-09","Google Ads","35-44","30598","1406","66","178","524"
"420","CAMP_042","2026-04-10","Google Ads","35-44","29604","1493","101","143","514"
"421","CAMP_043","2026-04-01","Google Ads","25-34","25810","1383","86","144","558"
"422","CAMP_043","2026-04-02","Google Ads","35-44","25617","1360","94","156","577"
"423","CAMP_043","2026-04-03","Google Ads","25-34","27058","1550","113","116","449"
"424","CAMP_043","2026-04-04","Google Ads","35-44","26801","1371","87","159","628"
"425","CAMP_043","2026-04-05","Google Ads","25-34","26599","1543","116","131","522"
"426","CAMP_043","2026-04-06","Google Ads","25-34","28646","1231","99","120","373"
"427","CAMP_043","2026-04-07","Google Ads","25-34","28325","1364","102","125","434"
"428","CAMP_043","2026-04-08","Google Ads","18-24","27869","1775","126","135","498"
"429","CAMP_043","2026-04-09","Google Ads","25-34","27862","1372","96","169","629"
"430","CAMP_043","2026-04-10","Google Ads","35-44","29792","1505","106","124","500"
"431","CAMP_044","2026-04-01","TikTok","25-34","30297","1124","83","154","458"
"432","CAMP_044","2026-04-02","TikTok","25-34","29917","1098","99","153","408"
"433","CAMP_044","2026-04-03","TikTok","25-34","32498","1225","106","163","609"
"434","CAMP_044","2026-04-04","TikTok","18-24","32437","949","70","138","414"
"435","CAMP_044","2026-04-05","TikTok","45-54","32688","1357","121","145","407"
"436","CAMP_044","2026-04-06","TikTok","35-44","33794","1253","85","142","413"
"437","CAMP_044","2026-04-07","TikTok","18-24","33169","1225","95","170","527"
"438","CAMP_044","2026-04-08","TikTok","18-24","34466","1177","83","155","419"
"439","CAMP_044","2026-04-09","TikTok","25-34","35257","1494","111","153","445"
"440","CAMP_044","2026-04-10","TikTok","18-24","34530","1476","126","126","346"
"441","CAMP_045","2026-04-01","Google Ads","25-34","25594","1426","112","164","538"
"442","CAMP_045","2026-04-02","Google Ads","25-34","24294","1544","139","120","382"
"443","CAMP_045","2026-04-03","Google Ads","35-44","26316","1590","107","111","376"
"444","CAMP_045","2026-04-04","Google Ads","35-44","27080","1716","140","120","337"
"445","CAMP_045","2026-04-05","Google Ads","35-44","26948","1628","129","158","428"
"446","CAMP_045","2026-04-06","Google Ads","35-44","28753","1670","123","160","471"
"447","CAMP_045","2026-04-07","Google Ads","18-24","28728","1779","139","184","460"
"448","CAMP_045","2026-04-08","Google Ads","45-54","27656","1381","122","128","314"
"449","CAMP_045","2026-04-09","Google Ads","45-54","28278","1441","91","168","452"
"450","CAMP_045","2026-04-10","Google Ads","25-34","30176","1680","145","146","385"
"451","CAMP_046","2026-04-01","Google Ads","35-44","25504","1089","77","148","456"
"452","CAMP_046","2026-04-02","Google Ads","45-54","25461","946","75","151","635"
"453","CAMP_046","2026-04-03","Google Ads","35-44","27466","1270","68","169","512"
"454","CAMP_046","2026-04-04","Google Ads","35-44","27718","1375","103","141","605"
"455","CAMP_046","2026-04-05","Google Ads","25-34","26922","1620","74","161","584"
"456","CAMP_046","2026-04-06","Google Ads","18-24","27642","1598","86","129","443"
"457","CAMP_046","2026-04-07","Google Ads","45-54","27536","1699","102","126","479"
"458","CAMP_046","2026-04-08","Google Ads","45-54","30061","1570","58","158","634"
"459","CAMP_046","2026-04-09","Google Ads","45-54","30878","1796","120","168","550"
"460","CAMP_046","2026-04-10","Google Ads","18-24","28157","1481","109","151","506"
"461","CAMP_047","2026-04-01","Google Ads","25-34","24687","1224","66","175","479"
"462","CAMP_047","2026-04-02","Google Ads","35-44","26034","1363","50","149","572"
"463","CAMP_047","2026-04-03","Google Ads","18-24","24493","1286","74","120","368"
"464","CAMP_047","2026-04-04","Google Ads","18-24","26938","1555","90","123","420"
"465","CAMP_047","2026-04-05","Google Ads","35-44","28392","1716","102","173","540"
"466","CAMP_047","2026-04-06","Google Ads","35-44","27392","1549","65","175","479"
"467","CAMP_047","2026-04-07","Google Ads","25-34","27542","1534","80","160","517"
"468","CAMP_047","2026-04-08","Google Ads","35-44","29020","1709","101","191","700"
"469","CAMP_047","2026-04-09","Google Ads","45-54","29311","1658","70","127","369"
"470","CAMP_047","2026-04-10","Google Ads","18-24","31875","1645","102","183","642"
"471","CAMP_048","2026-04-01","Facebook","35-44","26628","1230","87","132","340"
"472","CAMP_048","2026-04-02","Facebook","25-34","26648","1104","86","124","361"
"473","CAMP_048","2026-04-03","Facebook","35-44","29304","1064","60","130","404"
"474","CAMP_048","2026-04-04","Facebook","25-34","28756","1228","87","153","482"
"475","CAMP_048","2026-04-05","Facebook","18-24","30179","1401","105","159","362"
"476","CAMP_048","2026-04-06","Facebook","35-44","28739","1128","81","190","573"
"477","CAMP_048","2026-04-07","Facebook","35-44","31015","1402","102","196","600"
"478","CAMP_048","2026-04-08","Facebook","25-34","29117","1144","78","158","456"
"479","CAMP_048","2026-04-09","Facebook","25-34","31528","1668","94","142","381"
"480","CAMP_048","2026-04-10","Facebook","25-34","33797","1464","83","164","569"
"481","CAMP_049","2026-04-01","Facebook","25-34","27298","1601","73","151","513"
"482","CAMP_049","2026-04-02","Facebook","25-34","26710","1381","71","175","568"
"483","CAMP_049","2026-04-03","Facebook","25-34","27981","1226","87","175","528"
"484","CAMP_049","2026-04-04","Facebook","35-44","28410","1319","73","132","416"
"485","CAMP_049","2026-04-05","Facebook","25-34","30052","1363","90","183","581"
"486","CAMP_049","2026-04-06","Facebook","18-24","32115","1467","92","193","624"
"487","CAMP_049","2026-04-07","Facebook","18-24","28837","1578","91","139","412"
"488","CAMP_049","2026-04-08","Facebook","25-34","31425","1458","87","131","449"
"489","CAMP_049","2026-04-09","Facebook","45-54","31503","1676","84","188","578"
"490","CAMP_049","2026-04-10","Facebook","25-34","32933","1550","85","209","681"
"491","CAMP_050","2026-04-01","TikTok","18-24","30788","1480","80","144","429"
"492","CAMP_050","2026-04-02","TikTok","18-24","31974","1218","62","186","621"
"493","CAMP_050","2026-04-03","TikTok","25-34","32597","1575","112","157","473"
"494","CAMP_050","2026-04-04","TikTok","25-34","33139","1334","85","172","479"
"495","CAMP_050","2026-04-05","TikTok","25-34","33397","1219","88","193","642"
"496","CAMP_050","2026-04-06","TikTok","45-54","34180","1251","86","160","411"
"497","CAMP_050","2026-04-07","TikTok","25-34","32592","1470","90","176","530"
"498","CAMP_050","2026-04-08","TikTok","18-24","35819","1482","82","148","427"
"499","CAMP_050","2026-04-09","TikTok","45-54","34613","1112","70","177","397"
"500","CAMP_050","2026-04-10","TikTok","35-44","35547","1505","94","134","385"
"501","CAMP_051","2026-04-01","Google Ads","18-24","25575","1291","102","181","707"
"502","CAMP_051","2026-04-02","Google Ads","18-24","26350","1303","78","141","543"
"503","CAMP_051","2026-04-03","Google Ads","35-44","27071","1677","114","154","391"
"504","CAMP_051","2026-04-04","Google Ads","35-44","26782","1335","98","147","513"
"505","CAMP_051","2026-04-05","Google Ads","25-34","27819","1476","101","160","583"
"506","CAMP_051","2026-04-06","Google Ads","45-54","29526","1609","104","198","749"
"507","CAMP_051","2026-04-07","Google Ads","25-34","30130","1424","85","155","478"
"508","CAMP_051","2026-04-08","Google Ads","25-34","28389","1720","141","162","564"
"509","CAMP_051","2026-04-09","Google Ads","45-54","29366","1640","145","208","654"
"510","CAMP_051","2026-04-10","Google Ads","25-34","28524","1527","132","206","744"
"511","CAMP_052","2026-04-01","Google Ads","45-54","26098","1374","111","170","396"
"512","CAMP_052","2026-04-02","Google Ads","35-44","25253","1313","106","139","406"
"513","CAMP_052","2026-04-03","Google Ads","25-34","26084","1166","89","171","462"
"514","CAMP_052","2026-04-04","Google Ads","35-44","27223","1485","111","192","644"
"515","CAMP_052","2026-04-05","Google Ads","25-34","28992","1638","129","135","346"
"516","CAMP_052","2026-04-06","Google Ads","45-54","28842","1501","115","201","481"
"517","CAMP_052","2026-04-07","Google Ads","35-44","29460","1361","124","209","512"
"518","CAMP_052","2026-04-08","Google Ads","45-54","29642","1590","134","147","448"
"519","CAMP_052","2026-04-09","Google Ads","25-34","28289","1555","120","167","461"
"520","CAMP_052","2026-04-10","Google Ads","35-44","31700","1424","113","185","473"
"521","CAMP_053","2026-04-01","TikTok","25-34","30550","1443","100","160","351"
"522","CAMP_053","2026-04-02","TikTok","18-24","32560","1299","69","158","484"
"523","CAMP_053","2026-04-03","TikTok","25-34","31503","1557","105","161","460"
"524","CAMP_053","2026-04-04","TikTok","25-34","32094","1266","85","200","477"
"525","CAMP_053","2026-04-05","TikTok","18-24","32468","1268","59","205","541"
"526","CAMP_053","2026-04-06","TikTok","25-34","33477","1461","95","146","417"
"527","CAMP_053","2026-04-07","TikTok","25-34","34398","1501","75","190","559"
"528","CAMP_053","2026-04-08","TikTok","35-44","36277","1585","117","173","427"
"529","CAMP_053","2026-04-09","TikTok","25-34","36301","1504","96","149","481"
"530","CAMP_053","2026-04-10","TikTok","18-24","37765","1779","118","171","520"
"531","CAMP_054","2026-04-01","Facebook","35-44","27744","1188","106","191","382"
"532","CAMP_054","2026-04-02","Facebook","18-24","26953","1449","99","139","496"
"533","CAMP_054","2026-04-03","Facebook","45-54","29044","1388","110","202","668"
"534","CAMP_054","2026-04-04","Facebook","45-54","30021","1615","101","173","623"
"535","CAMP_054","2026-04-05","Facebook","25-34","30192","1448","88","213","603"
"536","CAMP_054","2026-04-06","Facebook","25-34","29702","1681","110","214","620"
"537","CAMP_054","2026-04-07","Facebook","35-44","29232","1297","83","191","622"
"538","CAMP_054","2026-04-08","Facebook","35-44","32172","1648","99","217","657"
"539","CAMP_054","2026-04-09","Facebook","18-24","34106","1805","108","170","532"
"540","CAMP_054","2026-04-10","Facebook","18-24","31109","1099","60","172","457"
"541","CAMP_055","2026-04-01","Facebook","35-44","27469","1336","126","147","370"
"542","CAMP_055","2026-04-02","Facebook","25-34","28519","1383","123","147","433"
"543","CAMP_055","2026-04-03","Facebook","18-24","28181","1079","82","164","544"
"544","CAMP_055","2026-04-04","Facebook","25-34","30271","1221","87","160","382"
"545","CAMP_055","2026-04-05","Facebook","25-34","32196","1389","111","181","509"
"546","CAMP_055","2026-04-06","Facebook","35-44","30519","1050","93","183","498"
"547","CAMP_055","2026-04-07","Facebook","35-44","30755","1360","117","198","666"
"548","CAMP_055","2026-04-08","Facebook","25-34","33869","1284","105","148","436"
"549","CAMP_055","2026-04-09","Facebook","25-34","31985","1225","102","223","782"
"550","CAMP_055","2026-04-10","Facebook","25-34","31154","1344","103","228","691"
"551","CAMP_056","2026-04-01","Google Ads","18-24","26910","1473","120","142","443"
"552","CAMP_056","2026-04-02","Google Ads","18-24","24569","1213","104","164","599"
"553","CAMP_056","2026-04-03","Google Ads","45-54","28592","1589","141","190","674"
"554","CAMP_056","2026-04-04","Google Ads","18-24","27478","1613","117","165","656"
"555","CAMP_056","2026-04-05","Google Ads","35-44","26565","1420","104","221","702"
"556","CAMP_056","2026-04-06","Google Ads","25-34","27407","1472","140","189","510"
"557","CAMP_056","2026-04-07","Google Ads","35-44","29502","1766","130","162","572"
"558","CAMP_056","2026-04-08","Google Ads","35-44","28293","1396","125","224","620"
"559","CAMP_056","2026-04-09","Google Ads","35-44","28685","1562","127","152","491"
"560","CAMP_056","2026-04-10","Google Ads","25-34","28920","1091","102","186","705"
"561","CAMP_057","2026-04-01","TikTok","25-34","32073","1313","82","179","591"
"562","CAMP_057","2026-04-02","TikTok","35-44","33351","1094","83","211","755"
"563","CAMP_057","2026-04-03","TikTok","45-54","30806","1313","88","219","558"
"564","CAMP_057","2026-04-04","TikTok","18-24","32024","1456","70","183","621"
"565","CAMP_057","2026-04-05","TikTok","18-24","33007","1486","84","224","873"
"566","CAMP_057","2026-04-06","TikTok","25-34","35107","1240","80","204","568"
"567","CAMP_057","2026-04-07","TikTok","25-34","34164","1445","125","147","411"
"568","CAMP_057","2026-04-08","TikTok","18-24","35011","1753","119","183","596"
"569","CAMP_057","2026-04-09","TikTok","35-44","36070","1425","94","155","404"
"570","CAMP_057","2026-04-10","TikTok","18-24","37068","1078","54","216","605"
"571","CAMP_058","2026-04-01","Facebook","18-24","27767","1283","62","143","375"
"572","CAMP_058","2026-04-02","Facebook","25-34","27796","1093","58","210","698"
"573","CAMP_058","2026-04-03","Facebook","45-54","30390","985","65","217","746"
"574","CAMP_058","2026-04-04","Facebook","25-34","31228","1652","108","180","403"
"575","CAMP_058","2026-04-05","Facebook","35-44","29973","1311","61","151","552"
"576","CAMP_058","2026-04-06","Facebook","18-24","31652","1769","62","194","604"
"577","CAMP_058","2026-04-07","Facebook","35-44","32030","1720","97","231","919"
"578","CAMP_058","2026-04-08","Facebook","18-24","33892","1618","87","221","694"
"579","CAMP_058","2026-04-09","Facebook","25-34","32007","1467","103","226","759"
"580","CAMP_058","2026-04-10","Facebook","18-24","32156","1653","98","203","683"
"581","CAMP_059","2026-04-01","Facebook","25-34","28072","1229","93","194","408"
"582","CAMP_059","2026-04-02","Facebook","25-34","26698","1327","90","200","565"
"583","CAMP_059","2026-04-03","Facebook","25-34","27219","874","57","156","399"
"584","CAMP_059","2026-04-04","Facebook","25-34","30230","1807","134","217","401"
"585","CAMP_059","2026-04-05","Facebook","45-54","29413","1579","108","195","432"
"586","CAMP_059","2026-04-06","Facebook","35-44","30955","1721","127","211","528"
"587","CAMP_059","2026-04-07","Facebook","25-34","30626","1281","75","155","383"
"588","CAMP_059","2026-04-08","Facebook","25-34","30440","1241","86","201","402"
"589","CAMP_059","2026-04-09","Facebook","35-44","31530","1578","106","181","470"
"590","CAMP_059","2026-04-10","Facebook","35-44","32045","1598","76","172","505"
"591","CAMP_060","2026-04-01","Google Ads","25-34","26849","1217","87","101","354"
"592","CAMP_060","2026-04-02","Google Ads","18-24","26618","1089","67","83","300"
"593","CAMP_060","2026-04-03","Google Ads","25-34","27252","1157","85","75","289"
"594","CAMP_060","2026-04-04","Google Ads","25-34","27789","1279","75","106","318"
"595","CAMP_060","2026-04-05","Google Ads","45-54","27991","1418","129","102","362"
"596","CAMP_060","2026-04-06","Google Ads","18-24","27706","1340","115","116","351"
"597","CAMP_060","2026-04-07","Google Ads","35-44","29383","1120","90","121","407"
"598","CAMP_060","2026-04-08","Google Ads","25-34","31437","1139","86","117","412"
"599","CAMP_060","2026-04-09","Google Ads","35-44","30815","1309","97","101","319"
"600","CAMP_060","2026-04-10","Google Ads","45-54","30968","1385","98","107","343"
"601","CAMP_061","2026-04-01","Google Ads","45-54","26032","1221","85","91","283"
"602","CAMP_061","2026-04-02","Google Ads","25-34","26411","1601","119","100","285"
"603","CAMP_061","2026-04-03","Google Ads","35-44","27795","1299","100","96","354"
"604","CAMP_061","2026-04-04","Google Ads","25-34","26882","1588","128","80","237"
"605","CAMP_061","2026-04-05","Google Ads","18-24","28588","1620","105","92","244"
"606","CAMP_061","2026-04-06","Google Ads","35-44","30736","1244","92","94","322"
"607","CAMP_061","2026-04-07","Google Ads","45-54","30806","1507","86","106","343"
"608","CAMP_061","2026-04-08","Google Ads","35-44","29558","1706","113","99","325"
"609","CAMP_061","2026-04-09","Google Ads","35-44","31293","1412","95","109","316"
"610","CAMP_061","2026-04-10","Google Ads","18-24","30214","1254","98","121","296"
"611","CAMP_062","2026-04-01","Google Ads","18-24","25858","988","73","91","256"
"612","CAMP_062","2026-04-02","Google Ads","35-44","25660","1111","60","84","246"
"613","CAMP_062","2026-04-03","Google Ads","25-34","26129","1341","70","118","404"
"614","CAMP_062","2026-04-04","Google Ads","25-34","26359","863","69","95","239"
"615","CAMP_062","2026-04-05","Google Ads","45-54","28338","973","60","122","324"
"616","CAMP_062","2026-04-06","Google Ads","25-34","28662","1144","83","115","361"
"617","CAMP_062","2026-04-07","Google Ads","25-34","30485","1387","96","105","364"
"618","CAMP_062","2026-04-08","Google Ads","35-44","28883","1277","82","103","275"
"619","CAMP_062","2026-04-09","Google Ads","35-44","29249","1360","101","101","331"
"620","CAMP_062","2026-04-10","Google Ads","18-24","30745","1219","75","92","215"
"621","CAMP_063","2026-04-01","Facebook","25-34","27572","1344","76","118","304"
"622","CAMP_063","2026-04-02","Facebook","25-34","28831","1381","102","115","240"
"623","CAMP_063","2026-04-03","Facebook","25-34","30937","1398","81","112","341"
"624","CAMP_063","2026-04-04","Facebook","45-54","31851","1457","99","111","302"
"625","CAMP_063","2026-04-05","Facebook","25-34","30642","1613","132","123","368"
"626","CAMP_063","2026-04-06","Facebook","45-54","32201","1550","100","110","272"
"627","CAMP_063","2026-04-07","Facebook","45-54","32924","1898","118","99","235"
"628","CAMP_063","2026-04-08","Facebook","25-34","33389","1492","99","121","342"
"629","CAMP_063","2026-04-09","Facebook","35-44","31589","1932","102","90","252"
"630","CAMP_063","2026-04-10","Facebook","35-44","33629","1652","91","96","241"
"631","CAMP_064","2026-04-01","Facebook","25-34","30258","1361","41","105","259"
"632","CAMP_064","2026-04-02","Facebook","35-44","27786","1119","62","119","366"
"633","CAMP_064","2026-04-03","Facebook","18-24","29872","1410","64","113","280"
"634","CAMP_064","2026-04-04","Facebook","18-24","30104","1116","58","132","371"
"635","CAMP_064","2026-04-05","Facebook","25-34","29336","1464","89","107","291"
"636","CAMP_064","2026-04-06","Facebook","45-54","29946","1581","37","91","270"
"637","CAMP_064","2026-04-07","Facebook","25-34","33535","1514","89","121","322"
"638","CAMP_064","2026-04-08","Facebook","35-44","31422","1054","77","126","422"
"639","CAMP_064","2026-04-09","Facebook","25-34","32621","1217","46","120","394"
"640","CAMP_064","2026-04-10","Facebook","25-34","32838","1084","50","98","256"
"641","CAMP_065","2026-04-01","TikTok","18-24","30983","1348","104","112","392"
"642","CAMP_065","2026-04-02","TikTok","35-44","34048","1388","74","89","265"
"643","CAMP_065","2026-04-03","TikTok","18-24","33846","1580","91","101","319"
"644","CAMP_065","2026-04-04","TikTok","35-44","32817","1372","79","115","376"
"645","CAMP_065","2026-04-05","TikTok","25-34","34463","1362","91","93","264"
"646","CAMP_065","2026-04-06","TikTok","18-24","34879","1329","68","100","316"
"647","CAMP_065","2026-04-07","TikTok","18-24","35412","1343","79","112","361"
"648","CAMP_065","2026-04-08","TikTok","45-54","37115","1294","86","110","349"
"649","CAMP_065","2026-04-09","TikTok","25-34","35767","1536","88","102","297"
"650","CAMP_065","2026-04-10","TikTok","25-34","36232","1473","83","148","436"
"651","CAMP_066","2026-04-01","Google Ads","35-44","26804","1401","83","110","352"
"652","CAMP_066","2026-04-02","Google Ads","25-34","28408","1806","193","133","390"
"653","CAMP_066","2026-04-03","Google Ads","25-34","27688","1775","109","109","364"
"654","CAMP_066","2026-04-04","Google Ads","18-24","27017","1423","123","122","395"
"655","CAMP_066","2026-04-05","Google Ads","35-44","28781","1541","95","139","485"
"656","CAMP_066","2026-04-06","Google Ads","35-44","30258","1397","83","115","327"
"657","CAMP_066","2026-04-07","Google Ads","18-24","29099","1567","107","120","379"
"658","CAMP_066","2026-04-08","Google Ads","35-44","31307","1972","126","119","408"
"659","CAMP_066","2026-04-09","Google Ads","18-24","32017","1688","126","110","337"
"660","CAMP_066","2026-04-10","Google Ads","25-34","32734","1993","121","132","442"
"661","CAMP_067","2026-04-01","TikTok","18-24","31835","1205","112","87","268"
"662","CAMP_067","2026-04-02","TikTok","25-34","32335","1328","99","117","431"
"663","CAMP_067","2026-04-03","TikTok","18-24","32020","1505","127","126","328"
"664","CAMP_067","2026-04-04","TikTok","18-24","34722","1458","98","128","469"
"665","CAMP_067","2026-04-05","TikTok","18-24","34133","1394","106","100","317"
"666","CAMP_067","2026-04-06","TikTok","18-24","34626","1449","73","132","429"
"667","CAMP_067","2026-04-07","TikTok","35-44","35576","1517","109","149","497"
"668","CAMP_067","2026-04-08","TikTok","18-24","36261","1109","76","124","386"
"669","CAMP_067","2026-04-09","TikTok","18-24","37774","1747","120","101","274"
"670","CAMP_067","2026-04-10","TikTok","25-34","38292","1610","145","150","560"
"671","CAMP_068","2026-04-01","Google Ads","25-34","26414","1107","81","90","175"
"672","CAMP_068","2026-04-02","Google Ads","35-44","27330","1554","126","125","380"
"673","CAMP_068","2026-04-03","Google Ads","45-54","27890","1476","121","122","331"
"674","CAMP_068","2026-04-04","Google Ads","45-54","28312","1250","82","98","291"
"675","CAMP_068","2026-04-05","Google Ads","35-44","30200","1508","104","145","400"
"676","CAMP_068","2026-04-06","Google Ads","35-44","29378","1618","118","99","150"
"677","CAMP_068","2026-04-07","Google Ads","45-54","29129","1527","104","122","316"
"678","CAMP_068","2026-04-08","Google Ads","25-34","32566","1554","98","153","447"
"679","CAMP_068","2026-04-09","Google Ads","25-34","30360","1836","121","131","366"
"680","CAMP_068","2026-04-10","Google Ads","25-34","31277","1774","138","144","405"
"681","CAMP_069","2026-04-01","Google Ads","35-44","28084","1340","130","102","327"
"682","CAMP_069","2026-04-02","Google Ads","35-44","28630","959","87","106","367"
"683","CAMP_069","2026-04-03","Google Ads","35-44","28519","1110","85","138","392"
"684","CAMP_069","2026-04-04","Google Ads","35-44","28618","1593","159","103","364"
"685","CAMP_069","2026-04-05","Google Ads","35-44","28196","1685","166","111","374"
"686","CAMP_069","2026-04-06","Google Ads","18-24","28512","1288","138","131","400"
"687","CAMP_069","2026-04-07","Google Ads","45-54","29034","1266","103","141","490"
"688","CAMP_069","2026-04-08","Google Ads","18-24","31379","1645","154","118","404"
"689","CAMP_069","2026-04-09","Google Ads","45-54","30806","1100","105","114","312"
"690","CAMP_069","2026-04-10","Google Ads","35-44","30864","1286","127","144","464"
"691","CAMP_070","2026-04-01","Facebook","18-24","29095","1314","83","148","473"
"692","CAMP_070","2026-04-02","Facebook","25-34","29443","1385","103","120","340"
"693","CAMP_070","2026-04-03","Facebook","35-44","31393","1595","110","146","387"
"694","CAMP_070","2026-04-04","Facebook","35-44","30375","1711","111","126","394"
"695","CAMP_070","2026-04-05","Facebook","18-24","30898","2009","149","143","499"
"696","CAMP_070","2026-04-06","Facebook","18-24","30432","1714","121","104","322"
"697","CAMP_070","2026-04-07","Facebook","25-34","32493","1557","91","160","517"
"698","CAMP_070","2026-04-08","Facebook","45-54","32717","1463","95","141","352"
"699","CAMP_070","2026-04-09","Facebook","35-44","34256","1503","81","145","350"
"700","CAMP_070","2026-04-10","Facebook","25-34","33768","1411","99","152","512"
"701","CAMP_071","2026-04-01","Facebook","25-34","27434","1588","94","147","427"
"702","CAMP_071","2026-04-02","Facebook","18-24","30388","1354","64","142","495"
"703","CAMP_071","2026-04-03","Facebook","25-34","29159","1376","90","123","347"
"704","CAMP_071","2026-04-04","Facebook","45-54","29810","1105","67","138","371"
"705","CAMP_071","2026-04-05","Facebook","25-34","33414","1777","93","163","486"
"706","CAMP_071","2026-04-06","Facebook","18-24","33560","1814","93","148","376"
"707","CAMP_071","2026-04-07","Facebook","35-44","32625","1509","58","111","318"
"708","CAMP_071","2026-04-08","Facebook","35-44","31506","1692","102","123","294"
"709","CAMP_071","2026-04-09","Facebook","25-34","33823","1615","112","152","468"
"710","CAMP_071","2026-04-10","Facebook","35-44","32362","1711","107","150","294"
"711","CAMP_072","2026-04-01","Google Ads","35-44","25929","1642","113","119","365"
"712","CAMP_072","2026-04-02","Google Ads","25-34","27120","1597","137","123","326"
"713","CAMP_072","2026-04-03","Google Ads","45-54","28183","1368","125","130","337"
"714","CAMP_072","2026-04-04","Google Ads","25-34","28008","1549","134","125","465"
"715","CAMP_072","2026-04-05","Google Ads","25-34","31124","1705","163","151","423"
"716","CAMP_072","2026-04-06","Google Ads","35-44","28983","1684","95","110","260"
"717","CAMP_072","2026-04-07","Google Ads","35-44","29721","1781","120","142","353"
"718","CAMP_072","2026-04-08","Google Ads","35-44","30775","1606","122","165","507"
"719","CAMP_072","2026-04-09","Google Ads","35-44","31926","1814","110","119","367"
"720","CAMP_072","2026-04-10","Google Ads","35-44","31731","1614","105","128","374"
"721","CAMP_073","2026-04-01","Facebook","35-44","28950","1399","86","140","448"
"722","CAMP_073","2026-04-02","Facebook","35-44","30052","1275","87","129","461"
"723","CAMP_073","2026-04-03","Facebook","25-34","30339","1710","158","164","490"
"724","CAMP_073","2026-04-04","Facebook","35-44","31714","1414","97","162","313"
"725","CAMP_073","2026-04-05","Facebook","35-44","32638","1996","116","118","347"
"726","CAMP_073","2026-04-06","Facebook","25-34","30697","1697","141","173","535"
"727","CAMP_073","2026-04-07","Facebook","18-24","32089","1704","111","139","333"
"728","CAMP_073","2026-04-08","Facebook","35-44","33253","1731","118","164","476"
"729","CAMP_073","2026-04-09","Facebook","45-54","35092","1679","157","173","467"
"730","CAMP_073","2026-04-10","Facebook","35-44","34911","1767","139","174","535"
"731","CAMP_074","2026-04-01","Google Ads","18-24","25881","1385","65","116","465"
"732","CAMP_074","2026-04-02","Google Ads","18-24","29420","1687","88","122","386"
"733","CAMP_074","2026-04-03","Google Ads","35-44","27297","1352","108","144","518"
"734","CAMP_074","2026-04-04","Google Ads","35-44","28570","1732","120","165","562"
"735","CAMP_074","2026-04-05","Google Ads","25-34","30655","1763","124","117","459"
"736","CAMP_074","2026-04-06","Google Ads","25-34","31500","1663","108","141","503"
"737","CAMP_074","2026-04-07","Google Ads","35-44","30686","1564","90","165","473"
"738","CAMP_074","2026-04-08","Google Ads","25-34","31189","1427","120","181","536"
"739","CAMP_074","2026-04-09","Google Ads","45-54","29979","1809","125","172","583"
"740","CAMP_074","2026-04-10","Google Ads","25-34","31868","1876","115","155","593"
"741","CAMP_075","2026-04-01","Facebook","18-24","28876","1357","93","118","319"
"742","CAMP_075","2026-04-02","Facebook","35-44","28425","1195","88","153","536"
"743","CAMP_075","2026-04-03","Facebook","25-34","29778","1113","89","145","489"
"744","CAMP_075","2026-04-04","Facebook","35-44","31089","1468","89","149","452"
"745","CAMP_075","2026-04-05","Facebook","25-34","30776","1663","110","147","518"
"746","CAMP_075","2026-04-06","Facebook","18-24","31181","1598","76","180","482"
"747","CAMP_075","2026-04-07","Facebook","18-24","30974","1456","84","161","461"
"748","CAMP_075","2026-04-08","Facebook","35-44","34485","1385","79","140","454"
"749","CAMP_075","2026-04-09","Facebook","25-34","33521","1822","89","155","456"
"750","CAMP_075","2026-04-10","Facebook","25-34","34259","1586","112","139","527"
"751","CAMP_076","2026-04-01","Facebook","45-54","31178","1628","84","172","465"
"752","CAMP_076","2026-04-02","Facebook","18-24","30380","1419","80","172","569"
"753","CAMP_076","2026-04-03","Facebook","18-24","28819","1486","90","113","376"
"754","CAMP_076","2026-04-04","Facebook","18-24","32752","1640","98","125","328"
"755","CAMP_076","2026-04-05","Facebook","25-34","30936","1303","69","176","474"
"756","CAMP_076","2026-04-06","Facebook","25-34","30390","1404","78","162","443"
"757","CAMP_076","2026-04-07","Facebook","35-44","33973","1556","88","150","491"
"758","CAMP_076","2026-04-08","Facebook","25-34","33776","1620","100","150","510"
"759","CAMP_076","2026-04-09","Facebook","45-54","35973","1556","116","170","466"
"760","CAMP_076","2026-04-10","Facebook","18-24","36226","1402","103","141","381"
"761","CAMP_077","2026-04-01","TikTok","25-34","32969","1219","70","176","395"
"762","CAMP_077","2026-04-02","TikTok","18-24","31566","1372","73","129","283"
"763","CAMP_077","2026-04-03","TikTok","18-24","33144","1102","51","159","464"
"764","CAMP_077","2026-04-04","TikTok","18-24","35990","1115","68","181","492"
"765","CAMP_077","2026-04-05","TikTok","18-24","35193","1376","75","153","431"
"766","CAMP_077","2026-04-06","TikTok","25-34","35455","1521","100","151","407"
"767","CAMP_077","2026-04-07","TikTok","35-44","37168","1727","93","123","309"
"768","CAMP_077","2026-04-08","TikTok","18-24","35447","1742","83","135","388"
"769","CAMP_077","2026-04-09","TikTok","18-24","38361","1445","93","170","385"
"770","CAMP_077","2026-04-10","TikTok","18-24","37276","1856","75","148","419"
"771","CAMP_078","2026-04-01","Google Ads","18-24","28033","1535","85","176","514"
"772","CAMP_078","2026-04-02","Google Ads","18-24","27172","1399","73","172","499"
"773","CAMP_078","2026-04-03","Google Ads","35-44","30224","1561","91","150","406"
"774","CAMP_078","2026-04-04","Google Ads","35-44","29880","1609","104","123","348"
"775","CAMP_078","2026-04-05","Google Ads","45-54","29389","1360","93","143","517"
"776","CAMP_078","2026-04-06","Google Ads","18-24","31291","1410","89","125","417"
"777","CAMP_078","2026-04-07","Google Ads","35-44","30672","1660","110","134","363"
"778","CAMP_078","2026-04-08","Google Ads","35-44","31266","1350","105","190","552"
"779","CAMP_078","2026-04-09","Google Ads","25-34","33029","1348","82","145","421"
"780","CAMP_078","2026-04-10","Google Ads","45-54","33608","1571","76","189","678"
"781","CAMP_079","2026-04-01","Facebook","25-34","29237","1601","88","152","343"
"782","CAMP_079","2026-04-02","Facebook","45-54","31663","1304","86","122","389"
"783","CAMP_079","2026-04-03","Facebook","18-24","31668","1286","69","127","398"
"784","CAMP_079","2026-04-04","Facebook","18-24","30070","1390","61","154","456"
"785","CAMP_079","2026-04-05","Facebook","25-34","30275","1356","78","186","645"
"786","CAMP_079","2026-04-06","Facebook","25-34","33848","1674","139","133","389"
"787","CAMP_079","2026-04-07","Facebook","35-44","32733","1542","108","143","390"
"788","CAMP_079","2026-04-08","Facebook","25-34","34089","1896","122","194","610"
"789","CAMP_079","2026-04-09","Facebook","25-34","36140","1564","108","201","572"
"790","CAMP_079","2026-04-10","Facebook","35-44","35214","1706","90","173","428"
"791","CAMP_080","2026-04-01","Facebook","35-44","30813","1693","61","134","320"
"792","CAMP_080","2026-04-02","Facebook","18-24","30951","1618","84","189","546"
"793","CAMP_080","2026-04-03","Facebook","45-54","30978","1580","102","156","406"
"794","CAMP_080","2026-04-04","Facebook","45-54","30247","1347","55","166","461"
"795","CAMP_080","2026-04-05","Facebook","45-54","31013","1521","57","186","460"
"796","CAMP_080","2026-04-06","Facebook","25-34","31797","1269","57","181","519"
"797","CAMP_080","2026-04-07","Facebook","18-24","33083","1538","97","174","558"
"798","CAMP_080","2026-04-08","Facebook","35-44","34931","1624","93","177","464"
"799","CAMP_080","2026-04-09","Facebook","35-44","35275","1781","67","137","346"
"800","CAMP_080","2026-04-10","Facebook","25-34","32735","1680","97","213","576"
"801","CAMP_081","2026-04-01","Facebook","18-24","29223","1314","66","137","341"
"802","CAMP_081","2026-04-02","Facebook","18-24","29834","1262","98","195","382"
"803","CAMP_081","2026-04-03","Facebook","25-34","30682","1307","71","168","463"
"804","CAMP_081","2026-04-04","Facebook","25-34","33577","1413","88","148","491"
"805","CAMP_081","2026-04-05","Facebook","25-34","31524","1316","71","193","508"
"806","CAMP_081","2026-04-06","Facebook","18-24","32292","1270","70","163","328"
"807","CAMP_081","2026-04-07","Facebook","18-24","32309","1274","67","154","516"
"808","CAMP_081","2026-04-08","Facebook","25-34","33339","1019","75","176","356"
"809","CAMP_081","2026-04-09","Facebook","25-34","33063","1169","92","160","468"
"810","CAMP_081","2026-04-10","Facebook","18-24","34626","1055","45","165","400"
"811","CAMP_082","2026-04-01","Facebook","18-24","30231","1625","98","176","507"
"812","CAMP_082","2026-04-02","Facebook","25-34","30068","1467","104","144","502"
"813","CAMP_082","2026-04-03","Facebook","35-44","31309","1661","125","201","672"
"814","CAMP_082","2026-04-04","Facebook","25-34","32877","1601","130","142","505"
"815","CAMP_082","2026-04-05","Facebook","25-34","32948","1511","116","194","551"
"816","CAMP_082","2026-04-06","Facebook","18-24","31036","1494","95","165","439"
"817","CAMP_082","2026-04-07","Facebook","35-44","32761","1677","106","142","536"
"818","CAMP_082","2026-04-08","Facebook","25-34","34019","1690","140","178","473"
"819","CAMP_082","2026-04-09","Facebook","25-34","33565","1761","122","160","556"
"820","CAMP_082","2026-04-10","Facebook","35-44","34491","2033","124","173","474"
"821","CAMP_083","2026-04-01","TikTok","25-34","32617","1707","95","187","633"
"822","CAMP_083","2026-04-02","TikTok","35-44","33809","1717","117","165","493"
"823","CAMP_083","2026-04-03","TikTok","35-44","33390","1512","102","142","519"
"824","CAMP_083","2026-04-04","TikTok","18-24","35895","1709","100","174","586"
"825","CAMP_083","2026-04-05","TikTok","25-34","35703","1638","104","159","535"
"826","CAMP_083","2026-04-06","TikTok","18-24","37566","1959","146","171","588"
"827","CAMP_083","2026-04-07","TikTok","35-44","38437","1823","121","147","530"
"828","CAMP_083","2026-04-08","TikTok","35-44","38189","1624","69","169","569"
"829","CAMP_083","2026-04-09","TikTok","18-24","37362","1975","123","181","676"
"830","CAMP_083","2026-04-10","TikTok","25-34","39225","1800","89","154","448"
"831","CAMP_084","2026-04-01","Facebook","25-34","30924","1173","38","185","600"
"832","CAMP_084","2026-04-02","Facebook","25-34","32042","1316","41","167","415"
"833","CAMP_084","2026-04-03","Facebook","25-34","30257","1530","83","136","381"
"834","CAMP_084","2026-04-04","Facebook","45-54","32747","1776","70","212","703"
"835","CAMP_084","2026-04-05","Facebook","35-44","31423","1531","68","172","538"
"836","CAMP_084","2026-04-06","Facebook","25-34","32562","1368","70","183","576"
"837","CAMP_084","2026-04-07","Facebook","35-44","34717","1936","106","201","631"
"838","CAMP_084","2026-04-08","Facebook","25-34","33729","1686","67","154","488"
"839","CAMP_084","2026-04-09","Facebook","18-24","34165","1603","68","213","750"
"840","CAMP_084","2026-04-10","Facebook","35-44","34105","1689","60","159","495"
"841","CAMP_085","2026-04-01","Google Ads","35-44","26617","1766","136","178","508"
"842","CAMP_085","2026-04-02","Google Ads","45-54","27577","1578","134","209","692"
"843","CAMP_085","2026-04-03","Google Ads","25-34","30390","1836","129","148","451"
"844","CAMP_085","2026-04-04","Google Ads","35-44","29647","1797","118","183","762"
"845","CAMP_085","2026-04-05","Google Ads","18-24","30666","1623","129","169","577"
"846","CAMP_085","2026-04-06","Google Ads","35-44","30915","1872","178","156","438"
"847","CAMP_085","2026-04-07","Google Ads","35-44","32159","2147","175","215","571"
"848","CAMP_085","2026-04-08","Google Ads","25-34","30573","1906","166","145","509"
"849","CAMP_085","2026-04-09","Google Ads","25-34","32736","2148","165","204","615"
"850","CAMP_085","2026-04-10","Google Ads","35-44","32745","1822","150","158","543"
"851","CAMP_086","2026-04-01","Google Ads","45-54","28240","1597","92","213","583"
"852","CAMP_086","2026-04-02","Google Ads","25-34","29093","1614","107","185","682"
"853","CAMP_086","2026-04-03","Google Ads","25-34","28646","1280","96","205","825"
"854","CAMP_086","2026-04-04","Google Ads","25-34","29298","1753","124","203","669"
"855","CAMP_086","2026-04-05","Google Ads","25-34","29392","1139","54","195","660"
"856","CAMP_086","2026-04-06","Google Ads","45-54","29553","1422","97","158","540"
"857","CAMP_086","2026-04-07","Google Ads","45-54","30216","1395","89","173","546"
"858","CAMP_086","2026-04-08","Google Ads","25-34","31509","1715","128","204","685"
"859","CAMP_086","2026-04-09","Google Ads","25-34","31571","1654","82","232","699"
"860","CAMP_086","2026-04-10","Google Ads","35-44","33595","1652","152","179","583"
"861","CAMP_087","2026-04-01","Google Ads","45-54","29575","1562","129","210","751"
"862","CAMP_087","2026-04-02","Google Ads","35-44","28775","1750","155","179","579"
"863","CAMP_087","2026-04-03","Google Ads","35-44","30981","1428","95","154","498"
"864","CAMP_087","2026-04-04","Google Ads","35-44","29064","1506","144","169","489"
"865","CAMP_087","2026-04-05","Google Ads","35-44","29549","1475","144","159","462"
"866","CAMP_087","2026-04-06","Google Ads","35-44","29858","1533","164","189","624"
"867","CAMP_087","2026-04-07","Google Ads","35-44","29303","1331","84","151","473"
"868","CAMP_087","2026-04-08","Google Ads","45-54","31408","1797","134","182","605"
"869","CAMP_087","2026-04-09","Google Ads","25-34","33631","1572","150","183","622"
"870","CAMP_087","2026-04-10","Google Ads","35-44","34088","1792","137","215","675"
"871","CAMP_088","2026-04-01","Facebook","18-24","31005","1876","74","164","525"
"872","CAMP_088","2026-04-02","Facebook","25-34","30897","1796","72","207","663"
"873","CAMP_088","2026-04-03","Facebook","18-24","31631","1457","81","193","470"
"874","CAMP_088","2026-04-04","Facebook","18-24","32014","1271","47","177","535"
"875","CAMP_088","2026-04-05","Facebook","18-24","34810","1722","58","176","554"
"876","CAMP_088","2026-04-06","Facebook","45-54","32041","2034","105","225","697"
"877","CAMP_088","2026-04-07","Facebook","25-34","33103","1802","91","186","598"
"878","CAMP_088","2026-04-08","Facebook","25-34","34413","1955","90","240","633"
"879","CAMP_088","2026-04-09","Facebook","25-34","33212","1484","68","184","435"
"880","CAMP_088","2026-04-10","Facebook","25-34","34765","1802","98","238","688"
"881","CAMP_089","2026-04-01","TikTok","18-24","32154","1864","135","163","514"
"882","CAMP_089","2026-04-02","TikTok","25-34","32110","1529","81","199","603"
"883","CAMP_089","2026-04-03","TikTok","25-34","33741","1318","100","196","556"
"884","CAMP_089","2026-04-04","TikTok","45-54","34741","1877","110","168","477"
"885","CAMP_089","2026-04-05","TikTok","18-24","36670","1544","106","220","555"
"886","CAMP_089","2026-04-06","TikTok","18-24","37633","2056","114","202","790"
"887","CAMP_089","2026-04-07","TikTok","25-34","38118","1397","110","220","747"
"888","CAMP_089","2026-04-08","TikTok","25-34","37080","1306","73","187","527"
"889","CAMP_089","2026-04-09","TikTok","25-34","37490","1751","131","171","436"
"890","CAMP_089","2026-04-10","TikTok","25-34","38663","1683","114","184","544"
"891","CAMP_090","2026-04-01","TikTok","25-34","33131","759","35","70","171"
"892","CAMP_090","2026-04-02","TikTok","25-34","32823","1283","77","72","218"
"893","CAMP_090","2026-04-03","TikTok","35-44","34099","1687","109","107","306"
"894","CAMP_090","2026-04-04","TikTok","18-24","36511","1395","86","79","233"
"895","CAMP_090","2026-04-05","TikTok","18-24","36357","1653","105","104","237"
"896","CAMP_090","2026-04-06","TikTok","25-34","35189","1690","78","77","228"
"897","CAMP_090","2026-04-07","TikTok","18-24","35486","1467","54","116","361"
"898","CAMP_090","2026-04-08","TikTok","25-34","38607","1551","123","84","224"
"899","CAMP_090","2026-04-09","TikTok","18-24","38089","1181","63","88","223"
"900","CAMP_090","2026-04-10","TikTok","18-24","41822","1476","72","131","347"
"901","CAMP_091","2026-04-01","TikTok","35-44","34835","1363","84","87","339"
"902","CAMP_091","2026-04-02","TikTok","18-24","36119","1280","65","77","266"
"903","CAMP_091","2026-04-03","TikTok","25-34","36661","1431","92","103","334"
"904","CAMP_091","2026-04-04","TikTok","18-24","34924","1676","137","98","359"
"905","CAMP_091","2026-04-05","TikTok","25-34","36845","1679","122","108","306"
"906","CAMP_091","2026-04-06","TikTok","25-34","36646","1532","121","97","289"
"907","CAMP_091","2026-04-07","TikTok","18-24","35982","1333","87","98","390"
"908","CAMP_091","2026-04-08","TikTok","35-44","38216","1559","109","99","323"
"909","CAMP_091","2026-04-09","TikTok","25-34","38115","1892","145","128","422"
"910","CAMP_091","2026-04-10","TikTok","18-24","41426","1857","137","92","357"
"911","CAMP_092","2026-04-01","Facebook","35-44","29273","1321","84","82","273"
"912","CAMP_092","2026-04-02","Facebook","35-44","30573","1377","61","84","271"
"913","CAMP_092","2026-04-03","Facebook","35-44","32684","1647","151","80","287"
"914","CAMP_092","2026-04-04","Facebook","35-44","31921","1531","101","96","357"
"915","CAMP_092","2026-04-05","Facebook","18-24","34859","1575","109","124","465"
"916","CAMP_092","2026-04-06","Facebook","25-34","34438","1045","56","86","243"
"917","CAMP_092","2026-04-07","Facebook","35-44","36033","1696","124","129","491"
"918","CAMP_092","2026-04-08","Facebook","35-44","35287","1366","99","97","339"
"919","CAMP_092","2026-04-09","Facebook","25-34","37225","1680","87","124","417"
"920","CAMP_092","2026-04-10","Facebook","35-44","37938","1604","112","119","386"
"921","CAMP_093","2026-04-01","Google Ads","35-44","28006","1818","99","109","364"
"922","CAMP_093","2026-04-02","Google Ads","35-44","29746","1619","106","120","375"
"923","CAMP_093","2026-04-03","Google Ads","35-44","29811","1802","105","105","322"
"924","CAMP_093","2026-04-04","Google Ads","25-34","28700","2131","171","103","252"
"925","CAMP_093","2026-04-05","Google Ads","45-54","30393","1795","125","98","260"
"926","CAMP_093","2026-04-06","Google Ads","45-54","30338","1583","104","103","335"
"927","CAMP_093","2026-04-07","Google Ads","25-34","32878","1665","129","131","319"
"928","CAMP_093","2026-04-08","Google Ads","25-34","34047","2225","186","114","401"
"929","CAMP_093","2026-04-09","Google Ads","25-34","31431","1888","127","128","421"
"930","CAMP_093","2026-04-10","Google Ads","18-24","33102","1898","139","100","310"
"931","CAMP_094","2026-04-01","Facebook","18-24","30751","1906","85","99","393"
"932","CAMP_094","2026-04-02","Facebook","45-54","32935","2085","96","119","481"
"933","CAMP_094","2026-04-03","Facebook","25-34","31675","1357","74","84","326"
"934","CAMP_094","2026-04-04","Facebook","45-54","31513","1429","86","108","440"
"935","CAMP_094","2026-04-05","Facebook","18-24","34174","1499","95","119","454"
"936","CAMP_094","2026-04-06","Facebook","25-34","33598","1810","127","133","503"
"937","CAMP_094","2026-04-07","Facebook","35-44","32388","1475","92","110","455"
"938","CAMP_094","2026-04-08","Facebook","35-44","33766","1523","83","136","605"
"939","CAMP_094","2026-04-09","Facebook","18-24","35286","2432","140","132","507"
"940","CAMP_094","2026-04-10","Facebook","25-34","36389","1934","116","142","492"
"941","CAMP_095","2026-04-01","TikTok","25-34","35239","1498","115","122","339"
"942","CAMP_095","2026-04-02","TikTok","18-24","32917","1278","94","105","282"
"943","CAMP_095","2026-04-03","TikTok","25-34","36078","1643","127","103","297"
"944","CAMP_095","2026-04-04","TikTok","25-34","34940","1333","128","119","349"
"945","CAMP_095","2026-04-05","TikTok","18-24","36254","1660","115","103","282"
"946","CAMP_095","2026-04-06","TikTok","25-34","36475","1543","113","127","402"
"947","CAMP_095","2026-04-07","TikTok","35-44","37427","1749","164","129","391"
"948","CAMP_095","2026-04-08","TikTok","18-24","38364","1922","138","114","226"
"949","CAMP_095","2026-04-09","TikTok","45-54","37187","1778","139","147","363"
"950","CAMP_095","2026-04-10","TikTok","18-24","39537","1950","176","127","372"
"951","CAMP_096","2026-04-01","TikTok","25-34","33193","1706","146","115","240"
"952","CAMP_096","2026-04-02","TikTok","18-24","33750","1434","90","109","322"
"953","CAMP_096","2026-04-03","TikTok","35-44","34473","1705","127","108","251"
"954","CAMP_096","2026-04-04","TikTok","18-24","35591","1780","93","100","311"
"955","CAMP_096","2026-04-05","TikTok","18-24","34477","1633","119","123","315"
"956","CAMP_096","2026-04-06","TikTok","18-24","37042","1871","117","144","363"
"957","CAMP_096","2026-04-07","TikTok","18-24","38953","1801","105","116","322"
"958","CAMP_096","2026-04-08","TikTok","25-34","37389","1750","120","109","273"
"959","CAMP_096","2026-04-09","TikTok","35-44","40534","1683","133","107","320"
"960","CAMP_096","2026-04-10","TikTok","25-34","39212","1603","111","132","375"
"961","CAMP_097","2026-04-01","Facebook","35-44","32146","1459","84","126","355"
"962","CAMP_097","2026-04-02","Facebook","35-44","29406","1704","75","115","376"
"963","CAMP_097","2026-04-03","Facebook","18-24","31817","1584","94","134","379"
"964","CAMP_097","2026-04-04","Facebook","25-34","32104","1844","102","122","417"
"965","CAMP_097","2026-04-05","Facebook","25-34","34277","1655","112","124","419"
"966","CAMP_097","2026-04-06","Facebook","25-34","34942","1987","125","143","461"
"967","CAMP_097","2026-04-07","Facebook","25-34","35574","2052","101","107","367"
"968","CAMP_097","2026-04-08","Facebook","25-34","34996","1836","86","105","335"
"969","CAMP_097","2026-04-09","Facebook","35-44","36350","1749","84","129","425"
"970","CAMP_097","2026-04-10","Facebook","35-44","38215","1878","77","113","439"
"971","CAMP_098","2026-04-01","Facebook","18-24","31541","1299","74","122","435"
"972","CAMP_098","2026-04-02","Facebook","18-24","32110","1767","106","117","373"
"973","CAMP_098","2026-04-03","Facebook","35-44","33854","1304","76","132","349"
"974","CAMP_098","2026-04-04","Facebook","45-54","32526","1674","87","146","347"
"975","CAMP_098","2026-04-05","Facebook","25-34","32483","1472","98","121","371"
"976","CAMP_098","2026-04-06","Facebook","45-54","34627","1507","108","123","395"
"977","CAMP_098","2026-04-07","Facebook","45-54","34499","1376","79","113","392"
"978","CAMP_098","2026-04-08","Facebook","25-34","36477","1816","104","139","494"
"979","CAMP_098","2026-04-09","Facebook","25-34","35125","1369","82","133","391"
"980","CAMP_098","2026-04-10","Facebook","25-34","37790","1452","72","115","327"
"981","CAMP_099","2026-04-01","Facebook","25-34","32409","1507","105","135","511"
"982","CAMP_099","2026-04-02","Facebook","18-24","30367","1416","58","119","398"
"983","CAMP_099","2026-04-03","Facebook","35-44","31771","1316","95","137","462"
"984","CAMP_099","2026-04-04","Facebook","18-24","33702","1352","99","146","463"
"985","CAMP_099","2026-04-05","Facebook","25-34","32497","1555","89","108","370"
"986","CAMP_099","2026-04-06","Facebook","25-34","32910","1516","104","152","484"
"987","CAMP_099","2026-04-07","Facebook","18-24","36725","1562","82","153","566"
"988","CAMP_099","2026-04-08","Facebook","45-54","35652","1412","78","150","468"
"989","CAMP_099","2026-04-09","Facebook","18-24","37297","2159","113","109","333"
"990","CAMP_099","2026-04-10","Facebook","18-24","36947","1697","94","119","395"
"991","CAMP_100","2026-04-01","Facebook","25-34","30931","1181","73","135","401"
"992","CAMP_100","2026-04-02","Facebook","25-34","32182","1534","93","132","371"
"993","CAMP_100","2026-04-03","Facebook","25-34","31760","1409","75","133","377"
"994","CAMP_100","2026-04-04","Facebook","35-44","32921","1672","88","128","356"
"995","CAMP_100","2026-04-05","Facebook","18-24","32900","1596","76","106","316"
"996","CAMP_100","2026-04-06","Facebook","25-34","33384","1262","80","131","415"
"997","CAMP_100","2026-04-07","Facebook","25-34","34014","1795","97","114","357"
"998","CAMP_100","2026-04-08","Facebook","25-34","33299","1524","81","137","372"
"999","CAMP_100","2026-04-09","Facebook","25-34","35618","1535","102","132","370"
"1000","CAMP_100","2026-04-10","Facebook","18-24","36129","1619","80","143","459"
